stateName,Model,Type,Traits,agr_tr.cl,agr_tr.cl.lb,agr_tr.cl.ub,cns_tr.cl,cns_tr.cl.lb,cns_tr.cl.ub,ext_tr.cl,ext_tr.cl.lb,ext_tr.cl.ub,neu_tr.cl,neu_tr.cl.lb,neu_tr.cl.ub,opn_tr.cl,opn_tr.cl.lb,opn_tr.cl.ub,agr,cns,ext,neu,opn
Schleswig-Holstein,CLPM,Latent,All,0.0509504542186274,-8.7630502242113e-4,0.102777213459676,0.0191513440632166,-0.0343027128130939,0.0726054009395271,0.0301339430381041,-0.0184411252930381,0.0787090113692464,0.0423816292807284,-0.0167392065622403,0.101502465123697,-2.395636419247e-4,-0.0543105544574414,0.053831427173592,No,No,No,No,No
Hamburg,CLPM,Latent,All,0.0494800786910955,-0.0215822359216197,0.120542393303811,0.0241986653625436,-0.0520865952485493,0.100483925973636,0.036627942799619,-0.0220387831547165,0.0952946687539545,9.36058238638866e-5,-0.0516918605240845,0.0518790721718123,-0.00455791362723491,-0.0762435635110175,0.0671277362565477,Yes,Yes,Yes,Yes,Yes
Lower Saxony,CLPM,Latent,All,0.0170108841319865,-0.0107960247042228,0.0448177929681958,-0.00346395609887986,-0.0315636349393879,0.0246357227416282,0.00401552849544853,-0.0223270011728768,0.0303580581637738,-0.00529244753485046,-0.032915234119307,0.0223303390496061,-0.0184715480092047,-0.0472985958499322,0.0103554998315229,No,No,No,No,No
North Rhine-Westphalia,CLPM,Latent,All,0.0335814622812079,0.0139639905996057,0.0531989339628101,0.0131006073829683,-0.00570818827695472,0.0319094030428913,0.0147813131466747,-0.00144757871805431,0.0310102050114038,0.00175005378406262,-0.0161028489091643,0.0196029564772896,0.02587548163532,0.00756438613424631,0.0441865771363936,No,No,No,No,No
Hesse,CLPM,Latent,All,0.0469119533091197,0.0143510265759121,0.0794728800423273,0.0269055139485651,-0.00527656872918054,0.0590875966263108,0.0212335670762192,-0.00558997944349941,0.0480571135959379,-0.0227536802088015,-0.0536599889585345,0.00815262854093138,-0.0296749941037574,-0.0612462828253561,0.00189629461784124,No,No,No,No,No
Rhineland-Palatinate,CLPM,Latent,All,-0.0105672615967437,-0.0547536957341452,0.0336191725406579,-0.0216652091057661,-0.0643585742933364,0.0210281560818043,0.00255507337399464,-0.0330507786374856,0.0381609253854749,0.0133874274488711,-0.025765884510496,0.0525407394082382,-0.0498543084456364,-0.088942942399792,-0.0107656744914808,No,No,No,No,No
Baden-Wuerttemberg,CLPM,Latent,All,0.0201415636701352,-0.00551475723031144,0.0457978845705819,-0.0223578061758521,-0.0480131271658402,0.00329751481413606,-0.00154859328283821,-0.023471304651377,0.0203741180857005,-0.00281144437853191,-0.0265799978891321,0.0209571091320683,-0.0198734867975335,-0.0441549604608235,0.00440798686575645,No,No,No,No,No
Bavaria,CLPM,Latent,All,-0.00137857192219729,-0.0237591858770048,0.0210020420326102,-0.013277517494486,-0.0340874241901215,0.0075323892011495,-0.00353783889858504,-0.0221327362994911,0.0150570585023211,0.0044019933457266,-0.0151139817794517,0.0239179684709049,-0.0183176100737117,-0.03934550122715,0.00271028107972653,No,No,No,No,No
Berlin,CLPM,Latent,All,0.0148144110902692,-0.0251710106019988,0.0547998327825372,0.015511311851554,-0.0170242409662355,0.0480468646693436,0.00806608617216902,-0.0242771462403128,0.0404093185846508,6.5561267311201e-4,-0.0378164983159967,0.0391277236622207,0.0187747252201155,-0.0173398482746217,0.0548892987148527,No,No,No,No,No
Brandenburg,CLPM,Latent,All,0.0115006003176216,-0.026726778336474,0.0497279789717173,-0.0194778567567012,-0.0627484192593457,0.0237927057459432,0.0159115922935389,-0.0207435157430568,0.0525667003301346,0.0178717239249679,-0.0192037005981607,0.0549471484480964,-0.00729958884330417,-0.052251044864885,0.0376518671782766,No,No,No,No,No
Mecklenburg-Western Pomerania,CLPM,Latent,All,0.0197150382839729,-0.0384573609092158,0.0778874374771616,-0.00738680930738717,-0.0597573949030901,0.0449837762883158,0.00808397945933446,-0.0384121428017033,0.0545801017203722,-0.0218411570434986,-0.0742884930389855,0.0306061789519881,0.00939044606174573,-0.0504239039648613,0.0692047960883528,No,No,No,No,No
Saxony,CLPM,Latent,All,6.6369072717908e-4,-0.0278878192581354,0.0292152007124936,0.00291638160683604,-0.0256771977530626,0.0315099609667346,0.00282697635256977,-0.0203817999825662,0.0260357526877057,1.0230567996887e-4,-0.0265709643748082,0.0267755757347459,0.0305330221657841,0.003686080719093,0.0573799636124752,No,No,No,No,No
Saxony-Anhalt,CLPM,Latent,All,0.0202169480614697,-0.0152761010773477,0.0557099972002871,0.00661504926224976,-0.0294849703705074,0.0427150688950069,-0.0118456712255018,-0.0461153092233149,0.0224239667723113,0.0094946716140795,-0.0290716158651372,0.0480609590932963,0.0407865871675068,0.0049422556544082,0.0766309186806055,No,No,No,No,No
Thuringia,CLPM,Latent,All,0.00302948866245327,-0.0304442020474426,0.0365031793723492,0.0157014405974485,-0.01651527924331,0.0479181604382071,-0.0106737321629156,-0.041587306364589,0.0202398420387579,-0.0243813742606742,-0.0567398551603077,0.00797710663895936,-0.0239542743638732,-0.058388639144104,0.0104800904163576,No,No,No,No,No
Schleswig-Holstein,RICLPM,Latent,All,-0.143967045178431,-0.995656931150148,0.707722840793286,-0.0983640810337185,-0.299956167230127,0.10322800516269,-0.103144508335955,-0.428307857777319,0.222018841105409,0.1965879386341,-0.0101306940954357,0.403306571363635,-0.143832008637256,-0.430544389762682,0.14288037248817,Yes,Yes,Yes,Yes,Yes
Hamburg,RICLPM,Latent,All,-0.17001886682553,-0.781485770660194,0.441448037009135,-0.0170072774675208,-0.381880673928453,0.347866118993412,0.100402775361657,-0.126033425291408,0.326838976014722,0.129483058762038,-0.195224911510959,0.454191029035036,NA,NA,NA,Yes,Yes,Yes,Yes,Yes
Lower Saxony,RICLPM,Latent,All,-0.0786249647927836,-0.199232715002695,0.0419827854171277,-0.0915523098763482,-0.194368060716851,0.0112634409641548,-0.0187730919455998,-0.137101383713937,0.0995551998227374,0.0578347594680105,-0.0658176415033666,0.181487160439388,-0.102925339457701,-0.223900758351376,0.0180500794359736,No,No,No,No,No
North Rhine-Westphalia,RICLPM,Latent,All,0.0229559203787951,-0.0481303362769994,0.0940421770345896,-0.0156823999757365,-0.0827916100449028,0.0514268100934297,0.014188218631729,-0.0562235273596931,0.0845999646231511,0.0472825145805117,-0.0153417596011233,0.109906788762147,0.0680437506998024,-0.0023645375879636,0.138452038987568,No,No,No,No,No
Hesse,RICLPM,Latent,All,-0.048927989443882,-0.201861903472408,0.104005924584644,0.0282013425847332,-0.098231827728923,0.154634512898389,-0.0175791918219058,-0.158542545537122,0.12338416189331,0.057358535789333,-0.0767482795973041,0.19146535117597,-0.0659663825556297,-0.227703348834017,0.0957705837227573,No,No,No,No,No
Rhineland-Palatinate,RICLPM,Latent,All,-0.00916189593812493,-0.157616646636946,0.139292854760697,0.0780355278201067,-0.0626272749754759,0.218698330615689,-0.0391017004592088,-0.161801272360564,0.0835978714421466,-0.0854682451898253,-0.210770254753674,0.0398337643740235,0.0683234656129125,-0.0779073271383755,0.2145542583642,No,No,No,No,No
Baden-Wuerttemberg,RICLPM,Latent,All,0.0275423274705934,-0.0760125794261006,0.131097234367287,0.0114585222882819,-0.0844508855143351,0.107367930090899,0.0456331958347218,-0.050600043019038,0.141866434688482,-0.0077982742749362,-0.0922265274207718,0.0766299788708994,0.0243673022397831,-0.078926602307092,0.127661206786658,No,No,No,No,No
Bavaria,RICLPM,Latent,All,-0.0258059361853549,-0.12893415101442,0.0773222786437098,-0.0444148519976688,-0.144171838173488,0.0553421341781504,-7.0624492795645e-4,-0.10196324637716,0.100550756521247,0.00233273202309551,-0.0948000269877497,0.0994654910339407,0.0197740039409089,-0.0789678394584806,0.118515847340298,No,No,No,No,No
Berlin,RICLPM,Latent,All,-0.00235572616475032,-0.229172986756609,0.224461534427109,-0.310058872713835,-0.563754882706695,-0.0563628627209743,-0.0756221120033469,-0.326943907367511,0.175699683360817,0.0641637626199917,-0.17216484949639,0.300492374736374,0.0503832008449841,-0.205809066116396,0.306575467806364,No,No,No,No,No
Brandenburg,RICLPM,Latent,All,-0.0316468532644719,-0.178575879974051,0.115282173445107,-0.0405045516649954,-0.180030090026527,0.0990209866965359,-0.0913853202321136,-0.249914232132127,0.0671435916678996,0.0615383072401907,-0.0896326869174751,0.212709301397857,0.152627631334262,-0.00869468609888923,0.313949948767414,No,No,No,No,No
Mecklenburg-Western Pomerania,RICLPM,Latent,All,-0.272486578252459,-0.595589783604083,0.0506166270991647,-0.181529703288059,-0.402906706985146,0.0398473004090289,-0.0373898952069541,-0.24637544764205,0.171595657228142,-0.0760078408682061,-0.376834769029207,0.224819087292795,-0.0240999004608024,-0.215946615317254,0.16774681439565,Yes,Yes,Yes,Yes,Yes
Saxony,RICLPM,Latent,All,-0.0395731482496541,-0.168801233479686,0.0896549369803779,-0.0706034562253605,-0.192275961864046,0.0510690494133251,0.0671919403732024,-0.065490516987835,0.19987439773424,-0.00769672313186193,-0.13536880718722,0.119975360923496,0.0583505714315962,-0.065507745499791,0.182208888362983,No,No,No,No,No
Saxony-Anhalt,RICLPM,Latent,All,-0.00173192551038488,-0.172718042490613,0.169254191469843,-0.030392627658551,-0.156391702267022,0.0956064469499198,0.0740149724942753,-0.124592590424816,0.272622535413366,-0.00634967536714686,-0.166780284975455,0.154080934241161,0.00585552322837366,-0.13480745203527,0.146518498492017,Yes,Yes,Yes,Yes,Yes
Thuringia,RICLPM,Latent,All,0.0249379236972363,-0.128418674550443,0.178294521944916,-0.0901736456479207,-0.239352364680342,0.0590050733845005,-0.087053292665095,-0.265415536484357,0.0913089511541672,-0.194340950634776,-0.340513120532189,-0.0481687807373637,-0.087660190240755,-0.3331917450254,0.15787136454389,No,No,No,No,No
Schleswig-Holstein,CLPM,Observed,All,0.0406729082844237,-0.00561362685685055,0.0869594434256979,0.0277055778481855,-0.0181768000311954,0.0735879557275664,-0.018351961558258,-0.0627609430101641,0.0260570198936481,0.0382327815308027,-0.00738512574489774,0.0838506888065031,0.00583910115626289,-0.0386746158705844,0.0503528181831102,No,No,No,No,No
Hamburg,CLPM,Observed,All,0.0506897877115087,-0.00641287482707814,0.107792450250096,0.0248303970315011,-0.0306141601356128,0.0802749541986149,0.0255326021297626,-0.0356891203979608,0.086754324657486,0.00259206956441433,-0.0399529047375005,0.0451370438663291,-0.00279282655665864,-0.0556447280473177,0.0500590749340004,No,No,No,No,No
Lower Saxony,CLPM,Observed,All,0.0443792145588793,0.0196438513988652,0.0691145777188934,0.0134089280817554,-0.0109255072307013,0.0377433633942122,0.00500383161268766,-0.0190382062007678,0.0290458694261431,0.00180003110712387,-0.0221454258238215,0.0257454880380692,-0.00665509722380406,-0.0308367875184675,0.0175265930708594,No,No,No,No,No
Bremen,CLPM,Observed,All,-0.0168766268726367,-0.114747969909431,0.080994716164158,-0.0168573355546477,-0.110875481956696,0.0771608108474003,0.0167267839557308,-0.0708354548781863,0.104289022789648,-0.0154637524742478,-0.0984398803683356,0.06751237541984,0.00689992715451541,-0.0710067955430009,0.084806649852031707,No,No,No,No,No
North Rhine-Westphalia,CLPM,Observed,All,0.055947182044111,0.0399349184503785,0.0719594456378435,0.0298571504073726,0.0135458101155101,0.0461684906992351,0.0037214396762160302,-0.011181271721155,0.0186241510735871,-8.72947177336143e-5,-0.0155976994555981,0.0154231100201308,0.0303627123045515,0.0146886784102084,0.0460367461988945,No,No,No,No,No
Hesse,CLPM,Observed,All,0.0685293769312083,0.0414274927679866,0.0956312610944301,0.042294708696288,0.0153149172286943,0.0692745001638817,0.0139847015152197,-0.0110874943593218,0.0390568973897612,-0.0046653265697652,-0.030857402885672,0.0215267497461416,-0.0108521080783894,-0.0380367755882385,0.0163325594314598,No,No,No,No,No
Rhineland-Palatinate,CLPM,Observed,All,0.03129218319953,-0.00322526004914753,0.0658096264482075,0.00995004843796138,-0.0262827453515292,0.046182842227452,-0.0191623606205343,-0.0504694107291465,0.012144689488078,0.00473139021839299,-0.02961665598883,0.039079436425616,-0.0213148265811844,-0.0539689256175881,0.0113392724552193,No,No,No,No,No
Baden-Wuerttemberg,CLPM,Observed,All,0.0506901534145312,0.028801243375059,0.0725790634540033,0.0131368123957434,-0.00862191740061172,0.0348955421920985,-0.00451586395703842,-0.0245556624129122,0.0155239344988354,0.00885475438560498,-0.0114521877540044,0.0291616965252144,-7.3636029467607e-4,-0.0213266741286956,0.0198539535393435,No,No,No,No,No
Bavaria,CLPM,Observed,All,0.0311149867529526,0.0123093418671797,0.0499206316387255,0.0091623044044448,-0.00885890771904733,0.0271835165279369,-0.00471442090664098,-0.0212670427197634,0.0118382009064815,0.00719504887713374,-0.00947420938053953,0.023864307134807,-0.00923682060443699,-0.0274787119317634,0.00900507072288938,No,No,No,No,No
Saarland,CLPM,Observed,All,-0.0587562102984088,-0.143940637170321,0.0264282165735039,-0.0029809130496759,-0.093106352845542,0.0871445267461902,0.0420351725289606,-0.0406547863191399,0.124725131377061,0.00643372566983124,-0.0859698839963753,0.0988373353360378,0.0163489510628337,-0.0716254946799244,0.104323396805592,No,No,No,No,No
Berlin,CLPM,Observed,All,0.0274323653651094,-0.00787709133629395,0.0627418220665128,0.0278438182312562,-0.00395887671108388,0.0596465131735962,0.00708060765584073,-0.022922473048113,0.0370836883597944,-0.00578619347200083,-0.0406031645567767,0.0290307776127751,0.0242676162419968,-0.00700174587280897,0.0555369783568027,No,No,No,No,No
Brandenburg,CLPM,Observed,All,0.0270710916470775,-0.00500981749575526,0.0591520007899103,-0.0104816695457103,-0.0468319946357094,0.0258686555442889,0.011452217840258,-0.0212313807797305,0.0441358164602465,0.00490594253889173,-0.0265274818881419,0.0363393669659254,0.0321390143342789,-0.00507487786461379,0.0693529065331716,No,No,No,No,No
Mecklenburg-Western Pomerania,CLPM,Observed,All,0.03484481449091,-0.0147429086454403,0.0844325376272604,0.00257156454331391,-0.045933181802402,0.0510763108890299,-0.00468146607738741,-0.0513444941126168,0.041981561957842,-0.0118964523368944,-0.0570775064345996,0.0332846017608108,0.0314078134966001,-0.0191561153097878,0.081971742302988,No,No,No,No,No
Saxony,CLPM,Observed,All,0.0113783623475024,-0.0138696775434969,0.0366264022385018,0.0078738451595013,-0.0183937607898473,0.0341414511088499,-0.0090016779020012,-0.0310417434589545,0.013038387654952,0.00993538153114316,-0.0122795785817218,0.0321503416440081,0.0456767719044953,0.0231315427073266,0.068222001101664,No,No,No,No,No
Saxony-Anhalt,CLPM,Observed,All,0.0425523983513014,0.00803028259623054,0.0770745141063722,0.0227103309048313,-0.0109243767846921,0.0563450385943547,3.6189332068455e-4,-0.0309639245319483,0.0316877111733174,0.00290404536760586,-0.0312106576414156,0.0370187483766274,0.0685890591458872,0.0386799716187597,0.0984981466730146,No,No,No,No,No
Thuringia,CLPM,Observed,All,0.0203825369866965,-0.0104297114908781,0.0511947854642711,0.0115811818120339,-0.0190172966621597,0.0421796602862275,-0.00953595248816375,-0.037836932441499,0.0187650274651714,-0.015423934055502,-0.0452447928282665,0.0143969247172624,0.00464407477000218,-0.0252364479942997,0.034524597534304,No,No,No,No,No
Schleswig-Holstein,RICLPM,Observed,All,-0.0648769977831418,-0.210107866163815,0.0803538705975315,-0.119733192894863,-0.252770567334231,0.0133041815445038,-0.111208899718607,-0.274528897448596,0.0521110980113831,0.21553015599956,0.0601096089925979,0.370950703006522,-0.0787490739038177,-0.27842412743694,0.120925979629305,No,No,No,No,No
Hamburg,RICLPM,Observed,All,-0.0304704896874879,-0.242523786380868,0.181582807005892,0.0867942146801258,-0.069785731832804,0.243374161193056,0.135931529913899,-0.0107532376404502,0.282616297468248,0.0161937950806504,-0.121359555545135,0.153747145706436,0.0281404165537461,-0.102458108452134,0.158738941559626,No,No,No,No,No
Lower Saxony,RICLPM,Observed,All,-0.00889796613910445,-0.0780051380876576,0.0602092058094487,-0.040317667026509,-0.113931602484079,0.0332962684310612,0.0217154648817665,-0.0531646909221233,0.0965956206856564,0.0623894877907076,-0.0106905526578254,0.135469528239241,-0.0590908966721312,-0.129490754677054,0.0113089613327913,No,No,No,No,No
Bremen,RICLPM,Observed,All,-0.0942739689992564,-0.312507094479008,0.123959156480496,-0.130549929583256,-0.359620694699453,0.0985208355329414,-0.0290944926572521,-0.315986753104295,0.257797767789791,0.241064811831611,-0.0161116339526447,0.498241257615867,0.296222043403025,-0.0315121160175381,0.623956202823588,No,No,No,No,No
North Rhine-Westphalia,RICLPM,Observed,All,0.010446107961927,-0.0296873554069301,0.0505795713307842,-0.014692173667285,-0.0584378579496276,0.0290535106150576,0.0126311656252268,-0.0305792065833226,0.0558415378337762,0.0270570953052259,-0.0160717913556007,0.0701859819660526,0.0485031944103725,0.00505281391980704,0.091953574900938,No,No,No,No,No
Hesse,RICLPM,Observed,All,-0.0151709201855313,-0.0939206927318252,0.0635788523607627,0.00232020738667484,-0.0830374407531451,0.0876778555264948,-0.0117686438259441,-0.0988227872845362,0.0752854996326479,0.05070508260134,-0.0329456234154246,0.134355788618105,-0.0644525278266282,-0.159907966531331,0.0310029108780741,No,No,No,No,No
Rhineland-Palatinate,RICLPM,Observed,All,0.00736764253567844,-0.0796640944151535,0.0943993794865104,0.0867727971267674,-0.0103652555824514,0.183910849835986,-0.0251394636830755,-0.102381977693455,0.0521030503273037,-0.0723443585664511,-0.156890411106094,0.0122016939731923,0.0792876944840633,-0.00861727674373564,0.167192665711862,No,No,No,No,No
Baden-Wuerttemberg,RICLPM,Observed,All,0.0303035576934055,-0.0322840511755319,0.0928911665623429,-0.00558464147207235,-0.069648723066383,0.0584794401222383,0.0413929092353808,-0.0213629737828372,0.104148792253599,-4.2334929642756e-4,-0.0595373903618632,0.058690691769008,0.0270382779741898,-0.0420437859349131,0.0961203418832927,No,No,No,No,No
Bavaria,RICLPM,Observed,All,-0.0262527217003875,-0.0856928834608219,0.0331874400600468,-0.0256588483325181,-0.0862409512816097,0.0349232546165736,-0.0122116025640339,-0.0763514901182019,0.0519282849901341,-0.00286253110340729,-0.0668100877037229,0.0610850254969083,-9.7687659271959e-4,-0.0647014960426073,0.0627477428571681,No,No,No,No,No
Saarland,RICLPM,Observed,All,-0.216015697128557,-0.501128379243594,0.0690969849864804,0.28380601016763,-0.0391553340385115,0.606767354373772,0.228378398327293,-0.0636910722390102,0.520447868893595,0.0292130920161947,-0.348774502687537,0.407200686719927,0.09438833338707,-0.206068998171345,0.394845664945485,No,No,No,No,No
Berlin,RICLPM,Observed,All,0.061378815603002,-0.0935710348220074,0.216328666028011,-0.12382065483062,-0.27960817117149,0.03196686151025,0.0120949076067,-0.141110354400319,0.165300169613719,0.0271661875744704,-0.133921206021783,0.188253581170724,0.080924108938207,-0.0546149013566831,0.216463119233097,No,No,No,No,No
Brandenburg,RICLPM,Observed,All,-0.0483433731955005,-0.140008001442016,0.0433212550510153,-0.00930792410057157,-0.11720490374993,0.0985890555487872,-0.0233515999920399,-0.132352340982673,0.085649140998593,0.0150682791508482,-0.0834132645695539,0.11354982287125,0.0371717179960127,-0.052087014472064,0.126430450464089,No,No,No,No,No
Mecklenburg-Western Pomerania,RICLPM,Observed,All,-0.133207190559643,-0.241140653993591,-0.0252737271256948,-0.0636959830264609,-0.180088701604191,0.0526967355512697,0.0624702294388296,-0.0585542629094457,0.183494721787105,-0.0511241363462192,-0.167258447458237,0.0650101747657986,0.0206662291172817,-0.0993580195764158,0.140690477810979,No,No,No,No,No
Saxony,RICLPM,Observed,All,-0.00772174093731255,-0.0890349291086281,0.073591447234003,-0.0298761675959779,-0.129665428933974,0.0699130937420177,0.0203851958572878,-0.0692499773283802,0.110020369042956,-3.3844147895079e-4,-0.104460600386312,0.10378371742841,0.0267850265216193,-0.0555880286470774,0.109158081690316,No,No,No,No,No
Saxony-Anhalt,RICLPM,Observed,All,-0.00904797843092113,-0.0966360189397869,0.0785400620779446,-0.0261231764769409,-0.102972337504649,0.0507259845507676,0.0198800993359004,-0.0859864272644143,0.125746625936215,-0.00680662026083086,-0.104901598707468,0.0912883581858066,0.00388232354466317,-0.0906142068024868,0.0983788538918132,No,No,No,No,No
Thuringia,RICLPM,Observed,All,0.0238504881276837,-0.0606339983916695,0.108334974647037,-0.00919379654952144,-0.0928842550724275,0.0744966619733846,-0.0275496125880003,-0.105779703880783,0.0506804787047827,-0.1214977787576,-0.216193615631689,-0.0268019418835105,-0.0570994630528128,-0.162173911010836,0.0479749849052106,No,No,No,No,No
Schleswig-Holstein,CLPM,Latent,Single,0.0183997224211785,-0.0381296000866952,0.0749290449290522,-0.00535775186040341,-0.0578412971699046,0.0471257934490978,0.0337804249524264,-0.0166266863569424,0.0841875362617953,0.0396540873559241,-0.0165373151692572,0.0958454898811054,-0.0104285351204866,-0.0671249171967337,0.0462678469557604,No,No,No,No,No
Hamburg,CLPM,Latent,Single,0.0155984118462297,-0.0736619799938919,0.104858803686351,-0.00903006447108517,-0.0829945630539036,0.0649344341117332,0.0192418238897737,-0.0377852265449005,0.076268874324448,-0.00434555209714085,-0.0554184163274064,0.0467273121331247,0.0169112934473716,-0.0539224385123224,0.0877450254070655,Yes,No,No,No,Yes
Lower Saxony,CLPM,Latent,Single,0.0153761624517597,-0.0124757102150585,0.0432280351185779,-0.00831924365984944,-0.0343905238063923,0.0177520364866934,0.00237076043428484,-0.022792075907505,0.0275335967760747,0.00202972464446612,-0.0247587945834106,0.0288182438723429,-0.0172465181605295,-0.0458547485491612,0.0113617122281022,No,No,No,No,No
Bremen,CLPM,Latent,Single,-0.0217401311478504,-0.107861639406758,0.0643813771110574,-0.0692685671985018,-0.183470502135273,0.0449333677382698,0.021744022997201,-0.0702186169084953,0.113706662902897,-0.0651899944891482,-0.166747981016781,0.0363679920384848,-0.047431372351328,-0.127203300741398,0.032340556038742,Yes,No,No,Yes,No
North Rhine-Westphalia,CLPM,Latent,Single,0.022075652970219,0.00238333773823207,0.0417679682022058,0.00400314872482049,-0.0145150730741023,0.0225213705237433,0.00885214085179662,-0.00700945423022538,0.0247137359338186,-4.6763651005097e-4,-0.0181115226660802,0.0171762496459783,0.0230221621156888,0.00522526558420937,0.0408190586471683,No,No,No,No,No
Hesse,CLPM,Latent,Single,0.0497950383214921,0.0170687519913827,0.0825213246516015,0.021800117697817,-0.00909631001094156,0.0526965454065756,0.0172504156418781,-0.00901332751898957,0.0435141588027457,-0.019249172514606,-0.0501660429209106,0.0116676978916986,-0.034421430185614,-0.0652585922483324,-0.00358426812289557,No,No,No,No,No
Rhineland-Palatinate,CLPM,Latent,Single,-0.0229568757149435,-0.067421757695332,0.021508006265445,-0.023024009694765,-0.0636348411332149,0.0175868217436849,-0.00689238882426584,-0.041099365693181,0.0273145880446493,0.0202015466484184,-0.0187675117230499,0.0591706050198867,-0.0470684977951454,-0.0840524367141613,-0.0100845588761296,No,No,No,No,No
Baden-Wuerttemberg,CLPM,Latent,Single,0.0238029106382138,-0.00190895382048601,0.0495147750969137,-0.0140742482516234,-0.0383731629935483,0.0102246664903014,-8.6101140790385e-4,-0.0217868055003216,0.0200647826845139,0.00139262906263947,-0.022310194209521,0.0250954523348,-0.0176493737593632,-0.0410481453122038,0.00574939779347733,No,No,No,No,No
Bavaria,CLPM,Latent,Single,8.1988984640454e-4,-0.0210403051446446,0.0226800848374537,-0.0118190369409614,-0.0313636555872109,0.0077255817052881,-8.4563634777926e-4,-0.0188550045102246,0.0171637318146661,0.00817673313461207,-0.010983864583123,0.0273373308523472,-0.0204060977435549,-0.0412485183501906,4.3632286308072e-4,No,No,No,No,No
Saarland,CLPM,Latent,Single,-0.118313222611904,-0.213083295876195,-0.0235431493476134,-0.0421066388321418,-0.139020995672366,0.0548077180080829,0.00395691100927589,-0.0852427083771271,0.0931565303956789,-0.0196955306093738,-0.132991667800595,0.0936006065818472,-0.0150756663491892,-0.113021318666098,0.0828699859677196,No,No,No,No,No
Berlin,CLPM,Latent,Single,-0.00101367338697332,-0.0415960451087682,0.0395686983348215,0.0109175805142705,-0.0211833402835401,0.0430185013120812,0.00639336505594461,-0.0247060652058267,0.0374927953177159,0.00103057559097154,-0.0360221000418358,0.0380832512237789,0.00942258366093151,-0.0256311997320188,0.0444763670538819,No,No,No,No,No
Brandenburg,CLPM,Latent,Single,0.0113603395561452,-0.024964000762406,0.0476846798746964,-0.0253822449100663,-0.0670779231056096,0.016313433285477,0.0162999127394408,-0.0185623609805724,0.0511621864594541,0.0155496814528813,-0.0208833290612167,0.0519826919669793,-0.0049254682190742,-0.0481723053827373,0.0383213689445889,No,No,No,No,No
Mecklenburg-Western Pomerania,CLPM,Latent,Single,0.0329228767563981,-0.0278339554947801,0.0936797090075762,-0.0148480099928331,-0.065948372232541,0.0362523522468747,0.00619328489945238,-0.0385844957187194,0.0509710655176242,-0.0213965336304772,-0.0720537482485308,0.0292606809875763,0.0214196928087514,-0.0372168451982764,0.0800562308157791,No,No,No,No,No
Saxony,CLPM,Latent,Single,-0.0165055085887596,-0.0423588133976822,0.00934779622016289,8.1125832785977e-4,-0.0264550578167033,0.0280775744724228,2.8475171960882e-4,-0.0219812858259272,0.0225507892651448,-0.00293030170509478,-0.0286884793893016,0.0228278759791121,0.0298161012086758,0.00434060295733671,0.0552915994600148,No,No,No,No,No
Saxony-Anhalt,CLPM,Latent,Single,0.0331763324620549,-9.4729104864373e-4,0.0672999559727536,0.0152175246434682,-0.0179013967480786,0.0483364460350151,-0.00355659042688021,-0.0356042271492105,0.02849104629545,3.4887043657252e-4,-0.0369698457900765,0.0376675866632215,0.0502095982181133,0.0148775948067142,0.0855416016295124,No,No,No,No,No
Thuringia,CLPM,Latent,Single,0.0111840622034202,-0.0233054432444902,0.0456735676513308,0.0136164580639531,-0.0178589207370015,0.0450918368649078,-0.010376675550138,-0.0419179702294647,0.0211646191291886,-0.0185805094746999,-0.0495745277299551,0.0124135087805553,-0.0236177820782733,-0.0567464976056652,0.00951093344911862,No,No,No,Yes,No
Schleswig-Holstein,RICLPM,Latent,Single,NA,NA,NA,-0.226385014174428,-0.399469674883442,-0.0533003534654128,0.0317532328814625,-0.197970434068843,0.261476899831768,0.296076261041927,0.0756175326536828,0.516534989430171,-0.255663591261598,-0.611411790264072,0.100084607740876,No,No,No,No,No
Hamburg,RICLPM,Latent,Single,0.0062920229502014,-0.162628417219089,0.175212463119492,0.0583420214620434,-0.155928605476945,0.272612648401032,0.154276103354984,-0.0162675885754011,0.324819795285369,-0.0419493118395797,-0.241882901936591,0.157984278257431,NA,NA,NA,Yes,No,No,No,Yes
Lower Saxony,RICLPM,Latent,Single,-0.0204823769435227,-0.132422742316936,0.0914579884298905,-0.0437431507111453,-0.130932333327332,0.0434460319050409,-0.0110111070379165,-0.114081580457005,0.092059366381172,0.0745858906058068,-0.0462546932344261,0.19542647444604,-0.101758562871268,-0.225904853347581,0.0223877276050454,No,No,No,No,No
Bremen,RICLPM,Latent,Single,0.147250926693099,-0.176855000121478,0.471356853507675,-0.3002737855483,-0.928377505807228,0.327829934710629,-0.156608244260347,-0.470010087498796,0.156793598978103,0.222269327574612,-0.146520096910392,0.591058752059617,0.486219217094635,0.11382841944888,0.858610014740391,Yes,No,No,Yes,No
North Rhine-Westphalia,RICLPM,Latent,Single,0.0124355955005474,-0.0454346557362834,0.0703058467373782,-0.0268238732355036,-0.0794910043662177,0.0258432578952105,0.0265494639162288,-0.0312545860831835,0.0843535139156411,0.0408383627047839,-0.0209584887999803,0.102635214209548,0.0493034621342247,-0.00380545742653775,0.102412381694987,No,No,No,No,No
Hesse,RICLPM,Latent,Single,-0.0420922029773783,-0.163597975773815,0.0794135698190579,0.0425923505390626,-0.0774395955491476,0.162624296627273,-7.504018486834e-4,-0.115501948906005,0.114001145208638,0.0561636012695937,-0.0775730607185936,0.189900263257781,-0.116100311546192,-0.301155546940759,0.0689549238483756,No,No,No,No,No
Rhineland-Palatinate,RICLPM,Latent,Single,0.0136379031061082,-0.135367020465366,0.162642826677582,0.0867327443820125,-0.028165433009891,0.201630921773916,-0.00307062852532107,-0.109341377574551,0.103200120523909,-0.10570003477283,-0.231698654195002,0.0202985846493429,0.105915735762427,-0.0238372703461039,0.235668741870958,No,No,No,No,No
Baden-Wuerttemberg,RICLPM,Latent,Single,0.0271250982410143,-0.0720314368191973,0.126281633301226,0.0213610233192628,-0.0754523670566535,0.118174413695179,0.0421877110391103,-0.042322343721819,0.12669776580004,-0.00366473154052638,-0.0773990952226164,0.0700696321415636,0.0216275976851202,-0.0690173834147337,0.112272578784974,No,No,No,No,No
Bavaria,RICLPM,Latent,Single,-0.0437529247054354,-0.137169262756656,0.0496634133457848,-0.0667546195300543,-0.147200821107409,0.0136915820473005,-0.0141647185905512,-0.0832961198936414,0.0549666827125389,0.00479589143257156,-0.102946437862404,0.112538220727547,-0.0270389947791,-0.117780214112162,0.063702224553962,No,No,No,No,No
Saarland,RICLPM,Latent,Single,-0.120820764699614,-0.654976808300482,0.413335278901254,0.2451983937835,-0.181475608320358,0.671872395887359,0.310304902363929,-0.105867080453276,0.726476885181134,-0.122356479286615,-0.731767065917447,0.487054107344218,0.0598391950028922,-0.292466063623478,0.412144453629262,No,No,No,No,No
Berlin,RICLPM,Latent,Single,-0.021839938498757,-0.284386128638845,0.24070625164133,-0.223795909679147,-0.489984386928501,0.0423925675702063,0.0611122997100135,-0.389912052253465,0.512136651673492,0.0449818270824433,-0.188242565156537,0.278206219321424,0.136059173028634,-0.126481110691594,0.398599456748863,No,No,No,No,No
Brandenburg,RICLPM,Latent,Single,-0.0679619789122045,-0.205612697470801,0.0696887396463924,-0.0559228155008046,-0.183377341147481,0.0715317101458715,-0.0637681297463363,-0.205128873799912,0.0775926143072391,0.03913266047504,-0.121351693805359,0.199617014755439,0.0857698981104126,-0.0741161752083669,0.245655971429192,No,No,No,No,No
Mecklenburg-Western Pomerania,RICLPM,Latent,Single,-0.154628234803613,-0.384797047941276,0.0755405783340499,-0.098362748365135,-0.238082005448977,0.0413565087187073,0.0935794033817037,-0.147189779348093,0.334348586111501,-0.0878278891770823,-0.312172188661424,0.136516410307259,0.0229691693660155,-0.16854582927493,0.214484168006961,No,No,No,No,No
Saxony,RICLPM,Latent,Single,-0.109655306781826,-0.250918381114153,0.0316077675505003,-0.0526925586374836,-0.161080818619235,0.0556957013442673,0.0357265871016186,-0.0708581697134432,0.14231134391668,-4.29462131231529e-5,-0.112322760652864,0.112236868226618,0.0520819451832707,-0.0640451283154481,0.16820901868199,No,No,No,No,No
Saxony-Anhalt,RICLPM,Latent,Single,-0.0489929177220289,-0.173439797061215,0.0754539616171567,-0.0253333592845161,-0.125880742088515,0.0752140235194826,0.0352816759675071,-0.117143662793775,0.187707014728789,-6.5859297198728e-4,-0.165314411726213,0.163997225782239,-0.00467811101568392,-0.13938618169321,0.130029959661842,No,No,No,No,No
Thuringia,RICLPM,Latent,Single,0.0296253306580124,-0.103753632795749,0.163004294111774,-0.0354208448566529,-0.151807026281849,0.0809653365685434,-0.0750205266216313,-0.187940274152001,0.0378992209087383,-0.175088655090874,-0.310160216440986,-0.0400170937407612,-0.0472404494875292,-0.17075287523034,0.0762719762552813,No,No,No,Yes,No
Schleswig-Holstein,CLPM,Observed,Single,0.0420738257070434,-0.00429497641845539,0.0884426278325423,0.0194441673589303,-0.0255812933284251,0.0644696280462858,-0.0148712163040058,-0.0595559479589342,0.0298135153509226,0.037498604420562603,-0.00828405372970364,0.0832812625708288,0.00556933945644746,-0.0384055445078959,0.0495442234207909,No,No,No,No,No
Hamburg,CLPM,Observed,Single,0.0428199345990705,-0.0120333384101023,0.0976732076082433,0.0131205717394296,-0.040781940042743,0.0670230835216023,0.0216403063983525,-0.0363676344881841,0.0796482472848891,-1.63554992693195e-5,-0.0444572821168352,0.0444245711182966,-4.2819958671943e-4,-0.0503732974289367,0.0495168982554978,Yes,No,No,No,Yes
Lower Saxony,CLPM,Observed,Single,0.0434174672595375,0.0191289469884922,0.0677059875305828,0.010859782443624,-0.012776735115924,0.034496300003172,0.00115465645729758,-0.0218959136102259,0.0242052265248211,0.00298277703964651,-0.0208766408132005,0.0268421948924936,-0.00728401001226616,-0.0309190004771801,0.0163509804526477,No,No,No,No,No
Bremen,CLPM,Observed,Single,-0.0184796289737738,-0.111069296596053,0.0741100386485055,-0.0338712231738751,-0.121770962581885,0.054028516234135,0.013262722515692,-0.0741420407785598,0.100667485809944,-0.0161738800583393,-0.0977190668357921,0.0653713067191135,-0.00977445970386102,-0.0766658978875617,0.0571169784798397,Yes,No,No,Yes,No
North Rhine-Westphalia,CLPM,Observed,Single,0.0525171284302842,0.036768890847198,0.0682653660133703,0.0255142902481522,0.00952244740771269,0.0415061330885917,9.997757320987e-4,-0.0133741486383463,0.0153737001025437,2.6658650215384e-4,-0.0152211444764439,0.0157543174807516,0.0272155508933178,0.0120369735364147,0.0423941282502208,No,No,No,No,No
Hesse,CLPM,Observed,Single,0.0682307413943141,0.0412673683037793,0.0951941144848489,0.0428194738431053,0.0158737437009265,0.069765203985284,0.0129194862332377,-0.0114237799122321,0.0372627523787075,-0.0040742907878263,-0.0304369607273113,0.0222883791516587,-0.0126975200094428,-0.0394612153735836,0.0140661753546981,No,No,No,No,No
Rhineland-Palatinate,CLPM,Observed,Single,0.0299745702990098,-0.00420910547100451,0.0641582460690242,0.00916078900091044,-0.0270234841607601,0.045345062162581,-0.0191634083508036,-0.0500003747261764,0.0116735580245692,0.00642806102673606,-0.0276767820592135,0.0405329041126856,-0.0223234842964547,-0.054166624338504,0.00951965574559459,No,No,No,No,No
Baden-Wuerttemberg,CLPM,Observed,Single,0.0511756546048904,0.0295852727397921,0.0727660364699887,0.0108031540183622,-0.0104669434366297,0.032073251473354,-0.00562076477725622,-0.0249212348822825,0.01367970532777,0.00966652336453614,-0.010438399185303,0.0297714459143753,-0.00325353852822504,-0.0231480173048339,0.0166409402483838,No,No,No,No,No
Bavaria,CLPM,Observed,Single,0.0308710926044031,0.0123758019068459,0.0493663833019602,0.00810448828621044,-0.00952673272613606,0.0257357092985569,-0.00330994594314464,-0.0194119705129943,0.0127920786267051,0.00735100520795086,-0.00924338002100859,0.0239453904369103,-0.0106931691036622,-0.0283990744953466,0.00701273628802212,No,No,No,No,No
Saarland,CLPM,Observed,Single,-0.0630495289211825,-0.144636136731595,0.0185370788892301,0.0165493079431206,-0.0683621906880525,0.101460806574294,0.0489157471635664,-0.0296468203159951,0.127478314643128,-0.00500587863886167,-0.0951271803496909,0.0851154230719676,0.021482454217843,-0.0626684022833519,0.105633310719038,No,No,No,No,No
Berlin,CLPM,Observed,Single,0.0257447707706338,-0.00952562496870155,0.0610151665099693,0.0265151255716868,-0.00402883605411593,0.0570590871974895,0.00574715666115321,-0.023074523140977,0.0345688364632835,-0.00463157376201557,-0.0390719538837235,0.0298088063596923,0.0230062093328352,-0.0069598790427683,0.0529722977084387,No,No,No,No,No
Brandenburg,CLPM,Observed,Single,0.0218569588037431,-0.00961431088258681,0.0533282284900731,-0.0146007330709276,-0.0507358799434103,0.0215344138015551,0.0107259808844051,-0.0203662472331656,0.0418182090019759,0.0102796301666562,-0.0206732519558732,0.0412325122891856,0.0265323760282026,-0.00959934113080351,0.0626640931872088,No,No,No,No,No
Mecklenburg-Western Pomerania,CLPM,Observed,Single,0.0333822306899292,-0.0163236356670233,0.0830880970468817,0.00368793663983055,-0.0445347348532142,0.0519106081328753,-0.0013051369070676,-0.0458079009209441,0.0431976271068089,-0.015380248897965,-0.0594629524455521,0.0287024546496221,0.0369219175037836,-0.0119089641821887,0.0857527991897559,No,No,No,No,No
Saxony,CLPM,Observed,Single,0.0102746298323191,-0.0143373810789774,0.0348866407436156,0.00788918537466862,-0.017516000043895,0.0332943707932323,-0.00893847603735414,-0.0301875087009385,0.0123105566262302,0.00989240504435082,-0.0123816061335628,0.0321664162222645,0.0423054746363655,0.0200361835875017,0.0645747656852292,No,No,No,No,No
Saxony-Anhalt,CLPM,Observed,Single,0.0412455367443589,0.00707599035523129,0.0754150831334866,0.0223891465879963,-0.0106974945511326,0.0554757877271252,0.00241172199601751,-0.0275107645437456,0.0323342085357807,2.903874953564e-4,-0.0331318880385894,0.0337126630293022,0.0665274252922366,0.0367416619424357,0.0963131886420376,No,No,No,No,No
Thuringia,CLPM,Observed,Single,0.0193809705767548,-0.0106064309717401,0.0493683721252497,0.0129455949529019,-0.0170621657786615,0.0429533556844652,-0.00993249466455745,-0.0370652752727766,0.0172002859436617,-0.0135282954492606,-0.04310606477896,0.0160494738804389,0.003500900645843,-0.0255533408676694,0.0325551421593554,No,No,No,Yes,No
Schleswig-Holstein,RICLPM,Observed,Single,-0.0923547901628387,-0.246301437067818,0.0615918567421401,-0.183907548029816,-0.317550155713646,-0.0502649403459862,-0.162419197529431,-0.361239639824883,0.0364012447660223,0.23458185986933,0.0749302521036964,0.394233467634964,-0.137540840748397,-0.353041468933464,0.0779597874366703,No,No,No,No,No
Hamburg,RICLPM,Observed,Single,-0.0726255074317463,-0.338253663466365,0.193002648602872,0.0795784303811402,-0.0572705022415775,0.216427363003858,0.125320740814929,-0.00784162384958428,0.258483105479442,-0.0150607108000866,-0.119545875497728,0.0894244538975551,-0.0128440624107573,-0.126676850078237,0.100988725256722,Yes,No,No,No,Yes
Lower Saxony,RICLPM,Observed,Single,-0.0107237597947023,-0.0795304584517998,0.0580829388623952,-0.039304975277178,-0.110493769207948,0.0318838186535917,0.0180265027939071,-0.0552369871506775,0.0912899927384917,0.0571207904680768,-0.0144884257697352,0.128730006705889,-0.0559061985942972,-0.12516619800377,0.0133538008151755,No,No,No,No,No
Bremen,RICLPM,Observed,Single,-0.0457315257281626,-0.228659450583087,0.137196399126762,-0.16827579800996,-0.401098319891126,0.0645467238712055,-0.0533385667381805,-0.342568585471882,0.235891451995521,0.192646222563944,-0.0393108590349445,0.424603304162831,0.245331418970744,-0.0283581120358195,0.519020949977307,Yes,No,No,Yes,No
North Rhine-Westphalia,RICLPM,Observed,Single,0.00731109598004514,-0.0333805428505573,0.0480027348106476,-0.0144211448157085,-0.0579360091915584,0.0290937195601414,0.0116799990409047,-0.0312211258440386,0.054581123925848,0.0242818889526281,-0.0191223667998124,0.0676861447050685,0.0446051517253462,0.0018870516533072,0.0873232517973852,No,No,No,No,No
Hesse,RICLPM,Observed,Single,-0.0204336813058852,-0.0964231063226349,0.0555557437108644,0.00235983083530365,-0.0822955451201436,0.087015206790750907,-0.0015159053222712,-0.0867994386821105,0.0837676280375681,0.0467320503127125,-0.0343310070644672,0.127795107689892,-0.0505091228122292,-0.146006891659713,0.0449886460352546,No,No,No,No,No
Rhineland-Palatinate,RICLPM,Observed,Single,0.0153468728258415,-0.0708981902907071,0.10159193594239,0.0866599556162002,-0.0101029729915519,0.183422884223952,-0.0289749955420034,-0.107782271632715,0.0498322805487085,-0.0738146024720822,-0.157564135348089,0.00993493040392416,0.069816373221837,-0.0173950216794713,0.157027768123145,No,No,No,No,No
Baden-Wuerttemberg,RICLPM,Observed,Single,0.0217180345354036,-0.0398710851361198,0.083307154206927,-0.00960339767315079,-0.074760189532786,0.0555533941864844,0.0435865352128032,-0.0183262168044709,0.105499287230077,-0.00256494004839587,-0.061342420431152,0.0562125403343602,0.0259517046570684,-0.042135546048588,0.0940389553627249,No,No,No,No,No
Bavaria,RICLPM,Observed,Single,-0.0245404062928305,-0.083788268143432,0.034707455557771,-0.0254172729463516,-0.0857547075678792,0.034920161675176,-0.00102364116901583,-0.063891564865236,0.0618442825272043,-0.00538988901427955,-0.0689158451474266,0.0581360671188675,-0.00671677643292482,-0.0690115040890725,0.0555779512232228,No,No,No,No,No
Saarland,RICLPM,Observed,Single,-0.161701802445317,-0.492034739061653,0.16863113417102,0.285898624562548,0.0217427198833913,0.550054529241704,0.242553294707871,-0.111906216590952,0.597012806006693,-0.0772270189046543,-0.519213696287613,0.364759658478304,0.168263208691909,-0.179352697960822,0.515879115344639,No,No,No,No,No
Berlin,RICLPM,Observed,Single,0.054292972652294,-0.1096285762759,0.218214521580488,-0.124225395378117,-0.27253953628758,0.0240887455313466,0.0355347840250801,-0.134690604924882,0.205760172975042,0.0387558003320928,-0.120591177913484,0.19810277857767,0.0829611053972055,-0.0577295670238325,0.223651777818243,No,No,No,No,No
Brandenburg,RICLPM,Observed,Single,-0.0527115249642805,-0.142732198022576,0.0373091480940147,-0.0224146552405206,-0.126753450322502,0.0819241398414612,-0.022175790119396,-0.128523257577693,0.0841716773389009,0.0203888151413059,-0.0779255771391624,0.118703207421774,0.0435256704769171,-0.0501185875215519,0.137169928475386,No,No,No,No,No
Mecklenburg-Western Pomerania,RICLPM,Observed,Single,-0.129115808633436,-0.238529012076724,-0.019702605190147,-0.043953552454116,-0.180790896384818,0.092883791476586,0.0863781101992303,-0.0404163711365123,0.213172591534973,-0.0501661959358686,-0.170589722311305,0.0702573304395676,0.0262073267138331,-0.0932353374083644,0.145649990836031,No,No,No,No,No
Saxony,RICLPM,Observed,Single,-0.00781079142893915,-0.0871847568456471,0.0715631739877688,-0.0223412107130236,-0.122997240753626,0.0783148193275789,0.0204793901432607,-0.0681394044188783,0.1090981847054,0.00860731200330218,-0.0940247319435889,0.111239355950193,0.0325172988666066,-0.048887025245673,0.113921622978886,No,No,No,No,No
Saxony-Anhalt,RICLPM,Observed,Single,-0.0189179246903097,-0.103186786426006,0.0653509370453865,-0.0287109113279116,-0.101976935108689,0.0445551124528659,0.0201218671317923,-0.0822684684709842,0.122512202734569,-0.0117111990413177,-0.105378916502675,0.0819565184200393,-0.00398450595243763,-0.0962263152902425,0.0882573033853672,No,No,No,No,No
Thuringia,RICLPM,Observed,Single,0.0158209739304976,-0.0651670868925951,0.0968090347535902,-0.0134986127270949,-0.0954228596667215,0.0684256342125316,-0.0461775288473031,-0.120440982653631,0.028085924959025,-0.108357807879682,-0.201584831898238,-0.0151307838611257,-0.0690873010806195,-0.169368321508412,0.0311937193471726,No,No,No,Yes,No
